days,repository_language,lang_count
2013-08-14,Python,11410
2013-02-01,Python,6730
2012-10-15,Python,7126
2013-09-04,Python,4174
2013-05-02,Python,11108
2012-11-10,Python,4955
2012-07-20,Python,11316
2013-06-14,Python,9875
2012-10-27,Python,4323
2012-09-01,Python,6976
2013-04-03,Python,10627
2013-08-16,Python,9638
2012-07-03,Python,12094
2012-11-06,Python,7916
2013-05-12,Python,6540
2013-01-10,Python,8278
2012-11-29,Python,7513
2012-03-22,Python,19203
2012-05-04,Python,16185
2013-10-10,Python,12636
2013-08-21,Python,11826
2013-01-21,Python,7043
2012-09-25,Python,6381
2012-03-31,Python,10440
2013-09-22,Python,7371
2012-07-23,Python,12112
2012-11-08,Python,7900
2012-06-04,Python,16545
2013-04-19,Python,9599
2013-04-06,Python,7344
2012-12-22,Python,4022
2012-10-05,Python,6608
2012-06-15,Python,10564
2012-07-21,Python,7118
2012-08-31,Python,21570
2013-09-14,Python,6875
2012-10-23,Python,7263
2012-04-08,Python,10014
2012-05-24,Python,16671
2013-01-08,Python,8032
2012-08-30,Python,24780
2012-08-25,Python,15588
2012-06-23,Python,6232
2013-04-04,Python,10155
2013-07-03,Python,11889
2013-04-08,Python,10607
2012-09-28,Python,6401
2012-12-10,Python,8515
2012-10-09,Python,7227
2012-07-08,Python,7210
2013-05-03,Python,10142
2013-01-05,Python,4873
2013-10-07,Python,12716
2013-01-13,Python,5102
2012-07-13,Python,12626
2013-02-07,Python,8075
2013-08-29,Python,11488
2012-04-05,Python,15777
2012-04-02,Python,15780
2013-07-16,Python,12503
2012-11-03,Python,4414
2012-05-21,Python,15249
2012-09-21,Python,6275
2012-03-11,Python,8253
2012-07-19,Python,12640
2013-08-17,Python,6324
2012-04-26,Python,17874
2012-10-02,Python,6981
2012-05-27,Python,10158
2013-05-29,Python,11174
2012-10-26,Python,7129
2012-10-06,Python,4221
2013-04-25,Python,10327
2012-06-26,Python,12800
2012-04-25,Python,17169
2012-10-03,Python,6821
2012-03-14,Python,16257
2013-02-08,Python,7245
2013-10-06,Python,8699
2012-10-04,Python,6766
2013-04-05,Python,10501
2012-08-12,Python,8490
2012-10-18,Python,7261
2012-11-28,Python,8465
2013-01-31,Python,6883
2012-11-19,Python,7811
2012-04-06,Python,13845
2013-06-10,Python,9994
2013-01-29,Python,7853
2013-05-18,Python,6731
2013-06-26,Python,11340
2013-01-03,Python,6838
2013-07-09,Python,14835
2012-10-31,Python,7562
2013-01-06,Python,4945
2013-03-26,Python,9839
2012-04-22,Python,13116
2012-12-23,Python,3673
2013-04-18,Python,10743
2013-06-02,Python,6970
2013-09-21,Python,6854
2012-08-14,Python,13010
2013-04-24,Python,11287
2012-08-29,Python,25640
2013-07-25,Python,11532
2012-09-30,Python,4321
2012-05-25,Python,15291
2013-08-09,Python,10148
2013-10-03,Python,14291
2012-09-03,Python,11176
2012-03-27,Python,16218
2012-08-24,Python,23256
2013-06-19,Python,10574
2012-12-07,Python,7333
2013-06-08,Python,6295
2012-08-21,Python,26988
2012-12-15,Python,4471
2013-07-13,Python,8649
2012-03-23,Python,15093
2012-09-13,Python,8821
2013-04-09,Python,10665
2013-04-21,Python,7406
2012-04-21,Python,12129
2013-09-26,Python,11447
2013-03-14,Python,8977
2013-06-15,Python,6277
2013-03-31,Python,6190
2013-01-30,Python,7670
2013-02-26,Python,10142
2013-02-20,Python,8094
2013-05-08,Python,10791
2012-05-06,Python,11403
2012-12-09,Python,5314
2012-07-26,Python,12368
2013-01-22,Python,7836
2013-10-01,Python,11617
2012-10-25,Python,7604
2012-12-16,Python,4886
2012-11-24,Python,4588
2012-12-13,Python,8159
2012-08-26,Python,15776
2013-02-21,Python,9502
2012-03-20,Python,17211
2013-10-08,Python,12850
2012-04-23,Python,18705
2012-03-21,Python,24900
2013-06-16,Python,6209
2013-05-11,Python,6498
2012-09-02,Python,8118
2012-06-14,Python,12331
2012-07-28,Python,6406
2012-08-20,Python,22820
2012-03-13,Python,17226
2013-03-05,Python,10164
2013-06-04,Python,11414
2013-06-01,Python,6501
2013-01-27,Python,4685
2012-09-04,Python,12940
2012-08-22,Python,26564
2013-07-21,Python,6632
2013-10-11,Python,11714
2012-12-17,Python,7686
2012-10-01,Python,6346
2012-09-18,Python,7005
2013-03-28,Python,10050
2013-04-17,Python,9274
2013-06-29,Python,7488
2013-09-10,Python,11250
2012-12-02,Python,5907
2012-08-10,Python,11838
2012-09-07,Python,13048
2013-07-28,Python,7162
2012-09-06,Python,12498
2012-10-14,Python,5029
2013-03-15,Python,8711
2012-03-12,Python,16377
2013-06-12,Python,10840
2012-06-01,Python,16491
2012-09-19,Python,6981
2012-10-20,Python,4551
2012-10-11,Python,7458
2013-06-20,Python,11280
2012-03-16,Python,15024
2013-07-11,Python,13307
2013-08-11,Python,6576
2013-09-29,Python,9540
2013-08-19,Python,10983
2012-04-17,Python,18297
2012-03-26,Python,16092
2012-05-29,Python,17202
2013-01-26,Python,4777
2012-05-22,Python,17517
2012-11-13,Python,8373
2013-04-27,Python,7022
2013-04-20,Python,6859
2012-05-18,Python,15639
2012-04-07,Python,10206
2012-06-29,Python,10900
2013-08-01,Python,10986
2012-09-11,Python,13558
2013-07-15,Python,11694
2013-03-22,Python,9748
2013-07-06,Python,7516
2013-06-17,Python,10296
2012-11-27,Python,8468
2013-03-01,Python,9380
2012-09-17,Python,6750
2013-04-07,Python,8030
2013-02-03,Python,4960
2013-04-26,Python,9049
2012-12-03,Python,8286
2013-03-29,Python,8666
2012-12-11,Python,8341
2012-05-02,Python,17070
2013-01-09,Python,7886
2012-06-02,Python,10005
2012-11-04,Python,5283
2013-05-06,Python,9787
2012-09-29,Python,4146
2012-11-26,Python,8201
2013-08-18,Python,6990
2012-03-17,Python,9450
2013-08-10,Python,6620
2012-05-19,Python,10398
2012-09-23,Python,4294
2012-03-25,Python,10575
2013-05-25,Python,6636
2012-04-04,Python,16221
2013-03-18,Python,8784
2013-10-02,Python,13416
2013-02-25,Python,8143
2012-09-24,Python,6488
2012-11-11,Python,5207
2013-03-20,Python,10286
2013-08-02,Python,10266
2013-08-15,Python,8940
2012-05-30,Python,18456
2013-04-28,Python,7578
2012-11-21,Python,7627
2013-05-19,Python,7234
2012-10-29,Python,7249
2013-04-02,Python,10292
2012-12-31,Python,4642
2012-11-01,Python,6714
2012-05-08,Python,17217
2013-09-07,Python,7012
2012-10-22,Python,7383
2012-10-24,Python,7959
2013-02-24,Python,7327
2013-09-18,Python,11614
2013-03-08,Python,9220
2013-04-13,Python,6548
2012-12-18,Python,8033
2013-04-10,Python,11163
2013-03-21,Python,9854
2013-06-03,Python,10612
2013-08-08,Python,10894
2013-09-01,Python,7094
2013-07-23,Python,12106
2013-07-20,Python,6207
2012-06-08,Python,16266
2012-06-12,Python,17235
2013-07-01,Python,11370
2012-07-01,Python,7462
2013-08-30,Python,9939
2013-01-12,Python,4452
2012-08-03,Python,11158
2013-07-26,Python,11094
2013-03-24,Python,7121
2013-09-12,Python,11650
2012-09-16,Python,4028
2012-12-27,Python,5776
2012-11-15,Python,7711
2013-03-10,Python,6895
2013-04-23,Python,11258
2012-04-09,Python,14358
2013-07-30,Python,12193
2012-04-20,Python,17607
2012-03-29,Python,17478
2012-05-13,Python,10953
2013-05-17,Python,9686
2013-04-22,Python,11210
2012-06-28,Python,12000
2013-03-12,Python,10371
2013-02-28,Python,10087
2012-10-13,Python,4798
2013-03-17,Python,6604
2013-01-24,Python,7592
2012-07-18,Python,12214
2012-11-23,Python,5805
2013-01-25,Python,7920
2012-06-27,Python,11942
2013-05-26,Python,6599
2012-12-14,Python,7410
2012-08-15,Python,12622
2012-08-17,Python,11256
2013-08-20,Python,11020
2013-09-20,Python,9603
2012-05-15,Python,16620
2012-07-25,Python,12370
2013-01-19,Python,4034
2013-09-25,Python,11902
2012-08-23,Python,25600
2012-06-09,Python,10083
2012-07-04,Python,10322
2012-09-05,Python,13360
2012-12-08,Python,4942
2013-07-07,Python,6523
2013-07-24,Python,11311
2013-05-16,Python,9617
2012-05-17,Python,16053
2012-09-10,Python,12886
2012-05-14,Python,16197
2012-11-17,Python,5121
2012-12-06,Python,8582
2012-10-17,Python,7089
2013-08-04,Python,6926
2013-06-05,Python,10953
2012-06-18,Python,10876
2012-06-25,Python,11962
2013-05-22,Python,10626
2013-06-23,Python,6467
2013-09-28,Python,8195
2013-08-28,Python,11614
2013-02-16,Python,4290
2012-08-28,Python,25984
2012-05-16,Python,16644
2012-09-26,Python,6803
2013-02-15,Python,6667
2012-09-08,Python,7358
2013-02-13,Python,7122
2012-12-20,Python,7587
2013-08-05,Python,10418
2012-05-03,Python,17358
2012-07-24,Python,12600
2012-07-17,Python,13218
2013-04-01,Python,8585
2012-05-11,Python,17337
2012-11-09,Python,7420
2013-01-14,Python,7241
2012-07-11,Python,12820
2012-08-11,Python,7874
2012-07-31,Python,12166
2013-06-30,Python,7190
2013-09-13,Python,11056
2012-05-12,Python,10281
2013-03-07,Python,9695
2013-03-30,Python,6001
2012-06-11,Python,16833
2013-02-17,Python,4840
2012-11-05,Python,7496
2012-08-02,Python,12222
2012-05-23,Python,17778
2013-03-09,Python,6590
2013-07-27,Python,7290
2013-07-17,Python,12427
2013-08-06,Python,11335
2013-07-10,Python,14095
2013-01-07,Python,7226
2012-11-20,Python,8358
2012-04-30,Python,14988
2012-07-14,Python,7120
2013-02-19,Python,7827
2012-06-19,Python,11492
2013-07-18,Python,12234
2013-08-25,Python,7017
2012-04-28,Python,10197
2012-04-16,Python,16716
2013-05-20,Python,10019
2012-04-13,Python,16641
2013-09-17,Python,12206
2013-03-19,Python,10596
2012-07-07,Python,7086
2013-04-12,Python,10238
2013-07-14,Python,7174
2013-06-18,Python,11373
2012-12-24,Python,4003
2012-04-10,Python,17061
2013-08-07,Python,10137
2012-06-16,Python,6774
2012-09-09,Python,8228
2012-07-10,Python,13300
2013-10-12,Python,7844
2013-09-08,Python,7821
2012-05-07,Python,16920
2012-12-04,Python,8564
2013-04-15,Python,9645
2012-07-22,Python,7362
2012-10-21,Python,4686
2012-08-09,Python,12238
2013-03-23,Python,5685
2013-02-18,Python,7337
2013-07-31,Python,11546
2012-07-05,Python,10986
2012-08-06,Python,11576
2012-12-28,Python,5606
2012-05-05,Python,10101
2013-05-07,Python,10319
2013-01-23,Python,7760
2012-05-31,Python,16218
2012-08-07,Python,11000
2013-06-13,Python,11020
2013-08-12,Python,10703
2012-12-25,Python,3369
2013-04-30,Python,10787
2013-08-13,Python,11510
2013-01-20,Python,5332
2012-06-21,Python,11938
2012-06-05,Python,18132
2013-02-14,Python,7168
2012-05-10,Python,18606
2013-02-11,Python,7065
2012-07-30,Python,11588
2012-07-09,Python,11480
2012-10-12,Python,6831
2013-01-11,Python,7451
2012-04-15,Python,12414
2012-12-29,Python,4463
2012-06-20,Python,12088
2012-04-03,Python,16611
2013-03-03,Python,6927
2012-06-07,Python,16854
2012-04-12,Python,17187
2013-10-13,Python,7275
2013-05-27,Python,9238
2012-09-27,Python,7015
2013-05-14,Python,10805
2013-05-09,Python,10130
2012-06-03,Python,10290
2012-11-22,Python,6731
2012-06-17,Python,5862
2012-10-19,Python,6821
2013-02-23,Python,7140
2012-11-30,Python,6962
2012-06-06,Python,17337
2012-09-12,Python,13850
2013-06-06,Python,10996
2013-05-13,Python,10692
2013-06-21,Python,10215
2013-06-22,Python,6007
2013-02-02,Python,4273
2013-05-01,Python,9402
2012-10-30,Python,7840
2013-07-05,Python,9728
2012-03-18,Python,10185
2013-01-18,Python,6674
2012-11-02,Python,6792
2013-08-31,Python,6415
2013-03-27,Python,10133
2013-05-30,Python,10482
2012-08-01,Python,12742
2013-02-05,Python,7368
2013-08-27,Python,11760
2012-12-21,Python,6166
2012-05-26,Python,9606
2012-11-14,Python,7655
2013-02-27,Python,10272
2013-03-13,Python,10580
2012-04-27,Python,16014
2013-10-09,Python,12797
2012-07-06,Python,11096
2013-02-10,Python,5725
2013-02-06,Python,7791
2012-12-01,Python,4991
2012-10-08,Python,6614
2012-12-30,Python,4543
2012-12-19,Python,7637
2013-04-14,Python,7294
2012-07-29,Python,6692
2012-04-24,Python,17415
2012-06-10,Python,10947
2013-01-15,Python,7494
2013-05-05,Python,7081
2013-06-11,Python,11158
2013-03-06,Python,9618
2013-08-03,Python,6111
2012-04-29,Python,11382
2013-08-23,Python,10798
2013-09-23,Python,11204
2012-11-12,Python,7370
2013-07-08,Python,11556
2012-10-28,Python,5068
2012-09-14,Python,6609
2013-04-16,Python,9678
2013-02-09,Python,4771
2012-07-15,Python,8220
2012-03-30,Python,16941
2013-01-01,Python,3414
2012-04-01,Python,10230
2012-03-15,Python,14916
2013-08-22,Python,11779
2013-02-22,Python,9328
2013-09-09,Python,10655
2012-05-09,Python,17190
2013-06-09,Python,6799
2013-10-04,Python,11030
2013-07-22,Python,10354
2013-05-23,Python,10799
2012-11-25,Python,5067
2012-10-10,Python,7202
2012-08-18,Python,9046
2013-01-02,Python,5969
2012-12-12,Python,8011
2013-06-28,Python,10815
2012-11-07,Python,7503
2012-07-12,Python,12750
2013-05-31,Python,10116
2012-10-07,Python,4274
2012-08-04,Python,7326
2013-10-05,Python,7682
2013-08-26,Python,11011
2013-09-06,Python,9026
2012-05-20,Python,10692
2012-03-19,Python,16290
2012-09-15,Python,4378
2013-05-24,Python,10175
2012-11-16,Python,7567
2013-07-02,Python,11357
2013-05-10,Python,9856
2013-01-04,Python,6813
2013-09-16,Python,11567
2012-12-26,Python,4249
2012-06-24,Python,7004
2012-08-16,Python,11564
2012-08-19,Python,19610
2013-03-16,Python,6599
2012-08-27,Python,24144
2013-03-25,Python,10078
2013-04-11,Python,11386
2012-06-22,Python,11382
2013-04-29,Python,10082
2013-01-17,Python,7124
2012-04-19,Python,18849
2012-07-16,Python,12250
2013-09-27,Python,10825
2013-07-29,Python,11334
2012-03-24,Python,10758
2012-04-11,Python,17538
2013-07-04,Python,9933
2013-06-07,Python,10450
2012-08-08,Python,12200
2012-09-20,Python,6592
2012-07-27,Python,10810
2013-07-12,Python,12707
2013-09-02,Python,9622
2012-10-16,Python,7526
2013-05-21,Python,10839
2012-08-05,Python,6754
2012-04-14,Python,12147
2012-12-05,Python,8563
2013-09-30,Python,11726
2013-09-19,Python,9519
2013-09-11,Python,12238
2012-06-30,Python,6642
2013-06-24,Python,10054
2013-06-27,Python,11342
2013-07-19,Python,11472
2013-09-03,Python,11256
2013-09-15,Python,7044
2013-02-04,Python,6781
2012-09-22,Python,4210
2013-01-28,Python,7515
2013-03-11,Python,9861
2013-08-24,Python,6407
2013-03-02,Python,6696
2012-04-18,Python,17619
2012-06-13,Python,17913
2012-08-13,Python,11846
2012-07-02,Python,11468
2013-06-25,Python,11798
2013-03-04,Python,10015
2013-05-28,Python,10006
2012-03-28,Python,18093
2013-02-12,Python,7630
2013-05-04,Python,6321
2013-01-16,Python,6873
2012-11-18,Python,5209
2012-05-28,Python,13440
2013-09-24,Python,12420
2013-05-15,Python,10822
2012-05-01,Python,14748
